date,open,high,low,close,volume,pre-close,changeamount,change
2019-12-31,1000.0,1000.0,1000.0,1000.0,1516205.0,1000.0,0.0,0.0
2020-01-02,1005.62,1019.91,1005.62,1019.72,2193852.0,1000.0,19.72,0.0197
2020-01-03,1021.67,1029.07,1018.68,1024.48,2160583.0,1019.72,4.76,0.0047
2020-01-06,1020.0,1040.14,1020.0,1027.28,2663011.0,1024.48,2.8,0.0027
2020-01-07,1025.66,1043.08,1019.86,1043.08,2675921.0,1027.28,15.8,0.0154
2020-01-08,1035.84,1059.44,1034.51,1051.16,3207626.0,1043.08,8.08,0.0077
2020-01-09,1060.58,1081.4,1060.58,1078.31,2843420.0,1051.16,27.15,0.0258
2020-01-10,1082.31,1088.54,1076.44,1076.44,2515474.0,1078.31,-1.87,-0.0017
2020-01-13,1076.76,1105.85,1069.78,1105.85,2466259.0,1076.44,29.41,0.0273
2020-01-14,1107.78,1133.9,1107.78,1118.31,3262463.0,1105.85,12.46,0.0113
2020-01-15,1113.25,1120.35,1105.58,1114.77,2420464.0,1118.31,-3.54,-0.0032
2020-01-16,1116.51,1161.48,1116.51,1154.3,3085287.0,1114.77,39.53,0.0355
2020-01-17,1159.37,1252.56,1159.37,1238.66,5873596.0,1154.3,84.36,0.0731
2020-01-20,1239.44,1270.36,1208.69,1240.51,5202591.0,1238.66,1.85,0.0015
2020-01-21,1233.65,1247.84,1194.8,1195.01,4206788.0,1240.51,-45.5,-0.0367
2020-01-22,1178.78,1247.61,1157.29,1244.53,4794740.0,1195.01,49.52,0.0414
2020-01-23,1219.23,1262.44,1177.09,1202.1,4425934.0,1244.53,-42.43,-0.0341
2020-02-03,1018.28,1082.79,1015.6,1030.55,5466543.0,1202.1,-171.55,-0.1427
2020-02-04,1049.96,1153.23,1049.96,1153.23,5286206.0,1030.55,122.68,0.119
2020-02-05,1166.97,1240.37,1166.97,1203.61,5860213.0,1153.23,50.38,0.0437
2020-02-06,1191.73,1251.84,1191.73,1238.76,5589981.0,1203.61,35.15,0.0292
2020-02-07,1240.04,1307.76,1234.23,1307.76,5664784.0,1238.76,69.0,0.0557
2020-02-10,1310.53,1336.53,1293.43,1322.25,5932906.0,1307.76,14.49,0.0111
2020-02-11,1318.42,1318.42,1266.21,1283.57,5037530.0,1322.25,-38.68,-0.0293
2020-02-12,1274.8,1360.55,1274.8,1348.7,4763905.0,1283.57,65.13,0.0507
2020-02-13,1360.13,1409.68,1353.05,1360.71,6144055.0,1348.7,12.01,0.0089
2020-02-14,1359.37,1382.96,1305.97,1327.22,5310166.0,1360.71,-33.49,-0.0246
2020-02-17,1332.97,1381.55,1332.97,1381.55,4969888.0,1327.22,54.33,0.0409
2020-02-18,1381.58,1404.71,1372.53,1399.38,4905608.0,1381.55,17.83,0.0129
2020-02-19,1398.78,1412.17,1373.44,1373.44,4783190.0,1399.38,-25.94,-0.0185
2020-02-20,1377.76,1390.02,1321.73,1348.34,4222266.0,1373.44,-25.1,-0.0183
2020-02-21,1337.56,1373.67,1337.56,1346.86,4475454.0,1348.34,-1.48,-0.0011
2020-02-24,1341.99,1359.23,1328.75,1351.71,4199988.0,1346.86,4.85,0.0036
2020-02-25,1312.48,1371.58,1312.48,1367.37,4611598.0,1351.71,15.66,0.0116
2020-02-26,1348.08,1361.01,1286.35,1288.24,5015814.0,1367.37,-79.13,-0.0579
2020-02-27,1293.19,1293.19,1251.45,1264.94,5032823.0,1288.24,-23.3,-0.0181
2020-02-28,1206.86,1231.09,1187.1,1191.06,5132083.0,1264.94,-73.88,-0.0584
2020-03-02,1202.96,1259.08,1194.94,1252.62,4979736.0,1191.06,61.56,0.0517
2020-03-03,1278.27,1332.84,1272.06,1285.03,5122939.0,1252.62,32.41,0.0259
2020-03-04,1268.83,1277.69,1226.8,1255.72,3819524.0,1285.03,-29.31,-0.0228
2020-03-05,1277.71,1277.71,1246.71,1264.79,4312615.0,1255.72,9.07,0.0072
2020-03-06,1246.1,1255.07,1237.62,1243.37,3261213.0,1264.79,-21.42,-0.0169
2020-03-09,1216.04,1223.25,1171.86,1171.86,3872702.0,1243.37,-71.51,-0.0575
2020-03-10,1148.4,1216.33,1135.21,1216.33,4064920.0,1171.86,44.47,0.0379
2020-03-11,1218.52,1233.43,1184.71,1184.71,4248509.0,1216.33,-31.62,-0.026
2020-03-12,1161.92,1177.36,1151.79,1167.07,2805383.0,1184.71,-17.64,-0.0149
2020-03-13,1103.96,1187.7,1103.96,1175.28,3383309.0,1167.07,8.21,0.007
2020-03-16,1188.08,1200.46,1115.08,1115.08,3181187.0,1175.28,-60.2,-0.0512
2020-03-17,1132.95,1141.39,1079.84,1131.55,2972677.0,1115.08,16.47,0.0148
2020-03-18,1145.3,1173.23,1115.02,1115.02,2999560.0,1131.55,-16.53,-0.0146
2020-03-19,1116.26,1133.7,1091.24,1128.97,2785031.0,1115.02,13.95,0.0125
2020-03-20,1140.09,1148.09,1114.29,1127.37,2355961.0,1128.97,-1.6,-0.0014
2020-03-23,1092.5,1096.4,1037.53,1039.88,2830474.0,1127.37,-87.49,-0.0776
2020-03-24,1067.01,1071.34,1020.25,1060.84,2368341.0,1039.88,20.96,0.0202
2020-03-25,1097.31,1110.1,1094.16,1101.32,2496325.0,1060.84,40.48,0.0382
2020-03-26,1093.33,1111.48,1091.0,1095.34,2113778.0,1101.32,-5.98,-0.0054
2020-03-27,1109.54,1110.54,1082.93,1084.51,2292012.0,1095.34,-10.83,-0.0099
2020-03-30,1062.9,1062.9,1021.5,1035.83,2260875.0,1084.51,-48.68,-0.0449
2020-03-31,1048.74,1055.27,1027.22,1029.75,1703671.0,1035.83,-6.08,-0.0059
2020-04-01,1026.58,1060.71,1026.58,1037.93,1750560.0,1029.75,8.18,0.0079
2020-04-02,1033.56,1094.83,1033.56,1094.83,2093097.0,1037.93,56.9,0.0548
2020-04-03,1089.24,1095.31,1074.19,1080.53,1814409.0,1094.83,-14.3,-0.0131
2020-04-07,1109.61,1117.79,1108.78,1111.65,1986226.0,1080.53,31.12,0.0288
2020-04-08,1104.96,1117.81,1100.31,1104.15,1707432.0,1111.65,-7.5,-0.0067
2020-04-09,1107.47,1110.06,1094.92,1101.28,2031734.0,1104.15,-2.87,-0.0026
2020-04-10,1100.37,1100.37,1054.35,1058.44,2271444.0,1101.28,-42.84,-0.0389
2020-04-13,1048.21,1052.01,1038.82,1042.15,1519103.0,1058.44,-16.29,-0.0154
2020-04-14,1049.21,1073.22,1049.21,1073.22,1430019.0,1042.15,31.07,0.0298
2020-04-15,1076.94,1101.67,1076.94,1088.2,1662278.0,1073.22,14.98,0.014
2020-04-16,1080.87,1097.2,1080.87,1091.93,1784416.0,1088.2,3.73,0.0034
2020-04-17,1102.66,1129.12,1102.66,1117.07,2585719.0,1091.93,25.14,0.023
2020-04-20,1119.26,1133.36,1115.72,1133.36,5014214.0,1117.07,16.29,0.0146
2020-04-21,1127.66,1127.66,1108.48,1119.23,3842314.0,1133.36,-14.13,-0.0125
2020-04-22,1108.68,1135.85,1108.68,1135.85,3821580.0,1119.23,16.62,0.0148
2020-04-23,1140.8,1157.87,1140.55,1149.72,4052550.0,1135.85,13.87,0.0122
2020-04-24,1148.59,1155.54,1139.31,1144.15,3590074.0,1149.72,-5.57,-0.0048
2020-04-27,1140.19,1145.75,1136.23,1138.1,3145268.0,1144.15,-6.05,-0.0053
2020-04-28,1130.62,1130.62,1037.26,1113.51,4609236.0,1138.1,-24.59,-0.0216
2020-04-29,1105.6,1125.19,1102.57,1102.7,3100417.0,1113.51,-10.81,-0.0097
2020-04-30,1107.43,1171.8,1107.43,1166.35,4087211.0,1102.7,63.65,0.0577
2020-05-06,1155.12,1252.75,1155.12,1247.51,5630939.0,1166.35,81.16,0.0696
2020-05-07,1249.64,1249.64,1218.24,1224.1,5422596.0,1247.51,-23.41,-0.0188
2020-05-08,1230.91,1272.63,1230.91,1240.25,4659406.0,1224.1,16.15,0.0132
2020-05-11,1244.3,1268.08,1215.97,1226.06,4125489.0,1240.25,-14.19,-0.0114
2020-05-12,1222.39,1233.64,1203.15,1233.59,3822613.0,1226.06,7.53,0.0061
2020-05-13,1227.72,1252.58,1227.72,1247.03,4068998.0,1233.59,13.44,0.0109
2020-05-14,1241.84,1258.25,1238.23,1242.17,4678296.0,1247.03,-4.86,-0.0039
2020-05-15,1244.74,1280.05,1244.74,1270.48,4315539.0,1242.17,28.31,0.0228
2020-05-18,1279.29,1279.29,1253.33,1254.3,5082221.0,1270.48,-16.18,-0.0127
2020-05-19,1260.22,1324.42,1260.22,1324.42,4807584.0,1254.3,70.12,0.0559
2020-05-20,1317.4,1348.58,1297.67,1307.0,5623680.0,1324.42,-17.42,-0.0132
2020-05-21,1305.91,1309.51,1251.52,1251.93,4949058.0,1307.0,-55.07,-0.0421
2020-05-22,1247.6,1258.31,1208.82,1230.66,4240916.0,1251.93,-21.27,-0.017
2020-05-25,1223.87,1227.56,1205.73,1212.09,3390681.0,1230.66,-18.57,-0.0151
2020-05-26,1217.62,1272.92,1217.62,1272.66,4465922.0,1212.09,60.57,0.05
2020-05-27,1271.46,1281.21,1251.08,1253.27,4571550.0,1272.66,-19.39,-0.0152
2020-05-28,1251.06,1256.22,1206.62,1232.22,4239302.0,1253.27,-21.05,-0.0168
2020-05-29,1227.2,1267.43,1227.2,1246.11,4498588.0,1232.22,13.89,0.0113
2020-06-01,1257.97,1309.96,1257.97,1300.74,5072010.0,1246.11,54.63,0.0438
2020-06-02,1305.8,1312.52,1294.22,1305.64,4847517.0,1300.74,4.9,0.0038
2020-06-03,1305.73,1314.14,1293.6,1294.28,4800510.0,1305.64,-11.36,-0.0087
2020-06-04,1295.16,1306.07,1291.21,1299.8,5499727.0,1294.28,5.52,0.0043
2020-06-05,1300.25,1307.89,1292.05,1297.31,4740083.0,1299.8,-2.49,-0.0019
2020-06-08,1306.5,1311.68,1277.29,1280.05,4728842.0,1297.31,-17.26,-0.0133
2020-06-09,1277.45,1278.85,1269.11,1278.51,4279470.0,1280.05,-1.54,-0.0012
2020-06-10,1278.07,1278.07,1265.11,1269.98,5710625.0,1278.51,-8.53,-0.0067
2020-06-11,1270.72,1294.34,1265.38,1273.59,5348532.0,1269.98,3.61,0.0028
2020-06-12,1246.8,1268.46,1246.8,1262.29,4809826.0,1273.59,-11.3,-0.0089
2020-06-15,1262.48,1271.91,1249.58,1249.91,4679291.0,1262.29,-12.38,-0.0098
2020-06-16,1259.09,1289.14,1259.09,1289.14,5315518.0,1249.91,39.23,0.0314
2020-06-17,1291.04,1299.78,1280.52,1291.12,5459737.0,1289.14,1.98,0.0015
2020-06-18,1289.77,1304.49,1286.47,1302.37,4995969.0,1291.12,11.25,0.0087
2020-06-19,1301.02,1329.2,1301.02,1325.15,4724995.0,1302.37,22.78,0.0175
2020-06-22,1347.94,1380.37,1347.94,1371.21,7112389.0,1325.15,46.06,0.0348
2020-06-23,1365.33,1407.19,1365.33,1407.19,5800882.0,1371.21,35.98,0.0262
2020-06-24,1408.55,1432.99,1406.87,1424.28,6376433.0,1407.19,17.09,0.0121
2020-06-29,1415.91,1415.91,1393.72,1401.64,5241554.0,1424.28,-22.64,-0.0159
2020-06-30,1410.58,1454.31,1410.58,1447.89,5533660.0,1401.64,46.25,0.033
2020-07-01,1453.25,1459.77,1417.6,1439.88,6278613.0,1447.89,-8.01,-0.0055
2020-07-02,1439.01,1452.75,1424.15,1437.05,5994840.0,1439.88,-2.83,-0.002
2020-07-03,1435.08,1441.09,1408.08,1438.59,6024870.0,1437.05,1.54,0.0011
2020-07-06,1445.61,1547.14,1444.69,1538.4,9449414.0,1438.59,99.81,0.0694
2020-07-07,1550.3,1617.6,1550.3,1572.19,10320028.0,1538.4,33.79,0.022
2020-07-08,1572.78,1608.19,1555.31,1599.91,7913151.0,1572.19,27.72,0.0176
2020-07-09,1596.98,1681.91,1594.26,1666.85,9680794.0,1599.91,66.94,0.0418
2020-07-10,1653.51,1682.62,1633.18,1654.83,7818090.0,1666.85,-12.02,-0.0072
2020-07-13,1647.18,1721.98,1640.98,1721.98,8097677.0,1654.83,67.15,0.0406
2020-07-14,1714.87,1726.19,1647.64,1701.58,9448435.0,1721.98,-20.4,-0.0118
2020-07-15,1702.58,1707.63,1611.91,1612.04,10008757.0,1701.58,-89.54,-0.0526
2020-07-16,1606.44,1612.33,1460.64,1469.8,13819920.0,1612.04,-142.24,-0.0882
2020-07-17,1475.46,1495.91,1425.64,1443.4,8965055.0,1469.8,-26.4,-0.018
2020-07-20,1459.78,1463.71,1388.28,1459.03,9053350.0,1443.4,15.63,0.0108
2020-07-21,1456.49,1499.85,1454.59,1490.17,7598157.0,1459.03,31.14,0.0213
2020-07-22,1474.02,1519.12,1468.11,1497.23,9910810.0,1490.17,7.06,0.0047
2020-07-23,1487.2,1512.47,1459.73,1494.14,8947755.0,1497.23,-3.09,-0.0021
2020-07-24,1467.1,1474.46,1389.31,1389.31,10254387.0,1494.14,-104.83,-0.0702
2020-07-27,1396.49,1403.11,1361.98,1374.52,6206763.0,1389.31,-14.79,-0.0106
2020-07-28,1385.79,1404.9,1383.28,1400.54,5444707.0,1374.52,26.02,0.0189
2020-07-29,1400.92,1476.92,1395.97,1476.92,7326990.0,1400.54,76.38,0.0545
2020-07-30,1484.43,1496.27,1467.8,1472.79,7402878.0,1476.92,-4.13,-0.0028
2020-07-31,1469.1,1513.76,1467.78,1512.98,8554323.0,1472.79,40.19,0.0273
2020-08-03,1533.23,1622.81,1533.23,1622.81,9665389.0,1512.98,109.83,0.0726
2020-08-04,1620.79,1628.14,1555.9,1566.06,7827533.0,1622.81,-56.75,-0.035
2020-08-05,1592.39,1597.47,1556.68,1588.62,7167247.0,1566.06,22.56,0.0144
2020-08-06,1582.47,1589.75,1552.54,1573.87,6986209.0,1588.62,-14.75,-0.0093
2020-08-07,1561.86,1568.56,1492.25,1526.8,7357510.0,1573.87,-47.07,-0.0299
2020-08-10,1520.1,1555.68,1507.27,1535.6,6018437.0,1526.8,8.8,0.0058
2020-08-11,1531.6,1539.84,1490.83,1491.84,5771384.0,1535.6,-43.76,-0.0285
2020-08-12,1485.56,1488.88,1422.73,1458.64,6336105.0,1491.84,-33.2,-0.0223
2020-08-13,1465.6,1482.63,1453.38,1468.23,4944971.0,1458.64,9.59,0.0066
2020-08-14,1466.8,1486.4,1453.74,1484.04,4313049.0,1468.23,15.81,0.0108
2020-08-17,1486.81,1501.25,1471.92,1496.4,7506811.0,1484.04,12.36,0.0083
2020-08-18,1496.42,1512.76,1492.96,1512.51,7946743.0,1496.4,16.11,0.0108
2020-08-19,1516.98,1517.89,1470.34,1472.02,8016528.0,1512.51,-40.49,-0.0268
2020-08-20,1460.03,1473.05,1438.46,1442.58,6154748.0,1472.02,-29.44,-0.02
2020-08-21,1447.8,1467.98,1443.52,1447.71,5215102.0,1442.58,5.13,0.0036
2020-08-24,1453.49,1457.58,1421.89,1450.67,5606668.0,1447.71,2.96,0.002
2020-08-25,1449.54,1462.9,1424.42,1427.7,5269909.0,1450.67,-22.97,-0.0158
2020-08-26,1422.0,1430.79,1377.21,1383.31,6544953.0,1427.7,-44.39,-0.0311
2020-08-27,1389.94,1429.96,1380.13,1417.56,6056520.0,1383.31,34.25,0.0248
2020-08-28,1415.65,1416.82,1393.85,1413.64,5652897.0,1417.56,-3.92,-0.0028
2020-08-31,1417.66,1441.46,1417.66,1423.24,5475692.0,1413.64,9.6,0.0068
2020-09-01,1424.43,1435.65,1419.6,1426.65,4431871.0,1423.24,3.41,0.0024
2020-09-02,1430.87,1434.92,1411.84,1422.95,4919830.0,1426.65,-3.7,-0.0026
2020-09-03,1422.42,1423.89,1396.11,1402.14,5304861.0,1422.95,-20.81,-0.0146
2020-09-04,1377.39,1396.0,1371.16,1390.28,4909810.0,1402.14,-11.86,-0.0085
2020-09-07,1387.49,1394.9,1349.77,1356.7,6207608.0,1390.28,-33.58,-0.0242
2020-09-08,1356.82,1363.28,1328.92,1344.61,4448545.0,1356.7,-12.09,-0.0089
2020-09-09,1331.43,1332.07,1289.35,1298.08,6252185.0,1344.61,-46.53,-0.0346
2020-09-10,1309.32,1321.06,1276.5,1280.19,4750599.0,1298.08,-17.89,-0.0138
2020-09-11,1279.84,1313.85,1272.84,1312.51,4036201.0,1280.19,32.32,0.0252
2020-09-14,1334.98,1372.83,1334.98,1348.07,4373248.0,1312.51,35.56,0.0271
2020-09-15,1348.79,1372.44,1334.82,1364.6,4109504.0,1348.07,16.53,0.0123
2020-09-16,1363.32,1364.42,1341.68,1349.67,4133686.0,1364.6,-14.93,-0.0109
2020-09-17,1347.45,1393.85,1335.03,1383.59,8406254.0,1349.67,33.92,0.0251
2020-09-18,1386.38,1403.92,1379.92,1403.9,6376210.0,1383.59,20.31,0.0147
2020-09-21,1407.07,1411.5,1390.9,1397.75,5173416.0,1403.9,-6.15,-0.0044
2020-09-22,1389.78,1403.26,1379.01,1390.09,5571567.0,1397.75,-7.66,-0.0055
2020-09-23,1401.37,1440.64,1400.28,1423.9,6208908.0,1390.09,33.81,0.0243
2020-09-24,1412.16,1416.38,1392.01,1394.93,5031487.0,1423.9,-28.97,-0.0203
2020-09-25,1399.39,1402.68,1360.55,1364.02,3824131.0,1394.93,-30.91,-0.0222
2020-09-28,1367.46,1369.04,1335.99,1338.95,4523227.0,1364.02,-25.07,-0.0184
2020-09-29,1345.99,1403.43,1345.99,1389.96,4293616.0,1338.95,51.01,0.0381
2020-09-30,1394.86,1431.88,1393.91,1418.8,3985063.0,1389.96,28.84,0.0207
2020-10-09,1446.52,1467.98,1446.52,1465.96,4921015.0,1418.8,47.16,0.0332
2020-10-12,1475.26,1491.61,1469.65,1490.58,6598166.0,1465.96,24.62,0.0168
2020-10-13,1491.85,1498.83,1485.13,1497.6,5095454.0,1490.58,7.02,0.0047
2020-10-14,1495.34,1498.0,1481.12,1488.67,4673418.0,1497.6,-8.93,-0.006
2020-10-15,1489.38,1493.0,1451.88,1453.79,4520312.0,1488.67,-34.88,-0.0234
2020-10-16,1457.15,1461.83,1429.08,1438.53,3777447.0,1453.79,-15.26,-0.0105
2020-10-19,1444.84,1446.49,1411.27,1412.15,4009461.0,1438.53,-26.38,-0.0183
2020-10-20,1413.87,1428.08,1402.71,1426.18,3879556.0,1412.15,14.03,0.0099
2020-10-21,1427.24,1429.45,1396.12,1396.98,3849928.0,1426.18,-29.2,-0.0205
2020-10-22,1395.13,1395.13,1373.51,1376.58,3329097.0,1396.98,-20.4,-0.0146
2020-10-23,1380.37,1389.52,1336.37,1336.53,3775379.0,1376.58,-40.05,-0.0291
2020-10-26,1332.68,1364.97,1313.45,1356.11,3074009.0,1336.53,19.58,0.0146
2020-10-27,1359.18,1386.8,1354.81,1385.75,3147773.0,1356.11,29.64,0.0219
2020-10-28,1396.56,1413.66,1392.07,1406.07,4166346.0,1385.75,20.32,0.0147
2020-10-29,1394.28,1418.41,1387.38,1412.06,4612046.0,1406.07,5.99,0.0043
2020-10-30,1413.51,1430.12,1393.91,1393.91,6123725.0,1412.06,-18.15,-0.0129
2020-11-02,1402.08,1406.94,1370.9,1400.91,5250701.0,1393.91,7.0,0.005
2020-11-03,1403.64,1451.63,1402.26,1449.01,5020761.0,1400.91,48.1,0.0343
2020-11-04,1454.73,1462.67,1443.42,1458.9,4180001.0,1449.01,9.89,0.0068
2020-11-05,1477.61,1479.47,1453.72,1475.38,4796505.0,1458.9,16.48,0.0113
2020-11-06,1477.53,1477.53,1429.12,1441.47,4453441.0,1475.38,-33.91,-0.023
2020-11-09,1446.47,1491.52,1442.62,1485.15,7796951.0,1441.47,43.68,0.0303
2020-11-10,1483.66,1483.66,1438.59,1441.97,5811330.0,1485.15,-43.18,-0.0291
2020-11-11,1440.78,1441.0,1393.73,1395.51,5615446.0,1441.97,-46.46,-0.0322
2020-11-12,1404.81,1421.74,1404.57,1413.29,4220596.0,1395.51,17.78,0.0127
2020-11-13,1406.68,1441.01,1401.46,1436.89,4160211.0,1413.29,23.6,0.0167
2020-11-16,1520.27,1520.27,1444.39,1446.95,4716782.0,1436.89,10.06,0.007
2020-11-17,1455.23,1455.23,1425.26,1430.81,4858681.0,1446.95,-16.14,-0.0112
2020-11-18,1431.66,1441.22,1418.36,1419.23,5021121.0,1430.81,-11.58,-0.0081
2020-11-19,1415.64,1436.49,1408.22,1435.92,4496034.0,1419.23,16.69,0.0118
2020-11-20,1433.95,1442.31,1427.31,1430.72,4702930.0,1435.92,-5.2,-0.0036
2020-11-23,1429.39,1429.39,1412.02,1418.1,4743939.0,1430.72,-12.62,-0.0088
2020-11-24,1412.02,1420.34,1409.4,1412.75,4864347.0,1418.1,-5.35,-0.0038
2020-11-25,1414.19,1414.51,1387.56,1388.36,4652580.0,1412.75,-24.39,-0.0173
2020-11-26,1386.21,1398.57,1380.13,1385.31,3800503.0,1388.36,-3.05,-0.0022
2020-11-27,1386.65,1398.14,1380.64,1387.77,3723177.0,1385.31,2.46,0.0018
2020-11-30,1392.95,1397.01,1380.22,1385.48,4183574.0,1387.77,-2.29,-0.0017
2020-12-01,1386.58,1408.04,1381.96,1404.24,3731742.0,1385.48,18.76,0.0135
2020-12-02,1408.67,1419.11,1403.73,1408.49,5738486.0,1404.24,4.25,0.003
2020-12-03,1410.44,1418.12,1398.1,1410.83,4585012.0,1408.49,2.34,0.0017
2020-12-04,1409.59,1410.93,1401.53,1404.87,4178597.0,1410.83,-5.96,-0.0042
2020-12-07,1410.5,1417.78,1403.42,1406.19,4758978.0,1404.87,1.32,0.0009
2020-12-08,1405.72,1408.79,1397.55,1398.73,4279576.0,1406.19,-7.46,-0.0053
2020-12-09,1400.57,1404.23,1364.2,1365.04,4783357.0,1398.73,-33.69,-0.0241
2020-12-10,1363.0,1370.83,1355.88,1360.18,5043398.0,1365.04,-4.86,-0.0036
2020-12-11,1362.34,1365.43,1345.32,1362.96,6665413.0,1360.18,2.78,0.002
2020-12-14,1361.61,1380.05,1353.9,1375.06,4584335.0,1362.96,12.1,0.0089
2020-12-15,1373.96,1379.77,1357.36,1363.18,4713483.0,1375.06,-11.88,-0.0086
2020-12-16,1357.22,1357.22,1339.96,1345.13,5560614.0,1363.18,-18.05,-0.0132
2020-12-17,1343.28,1364.88,1339.9,1363.36,4798301.0,1345.13,18.23,0.0136
2020-12-18,1381.48,1381.48,1357.77,1361.11,4663221.0,1363.36,-2.25,-0.0017
2020-12-21,1359.69,1390.59,1355.93,1388.67,5212184.0,1361.11,27.56,0.0202
2020-12-22,1383.29,1390.99,1355.97,1358.62,5162246.0,1388.67,-30.05,-0.0216
2020-12-23,1359.73,1378.61,1355.25,1376.6,5196093.0,1358.62,17.98,0.0132
2020-12-24,1378.38,1384.31,1347.8,1348.01,5764382.0,1376.6,-28.59,-0.0208
2020-12-25,1348.47,1357.65,1340.79,1349.79,4981681.0,1348.01,1.78,0.0013
2020-12-28,1345.3,1349.35,1335.25,1339.01,5208984.0,1349.79,-10.78,-0.008
2020-12-29,1338.24,1353.06,1336.09,1337.47,4819255.0,1339.01,-1.54,-0.0012
2020-12-30,1336.72,1367.76,1335.21,1362.91,5200486.0,1337.47,25.44,0.019
2020-12-31,1370.44,1394.74,1368.47,1393.03,5460861.0,1362.91,30.12,0.0221
2021-01-04,1398.96,1425.7,1389.59,1422.12,5855451.0,1393.03,29.09,0.0209
2021-01-05,1413.18,1427.12,1409.54,1425.16,6097512.0,1422.12,3.04,0.0021
2021-01-06,1430.07,1434.19,1408.06,1415.02,6071455.0,1425.16,-10.14,-0.0071
2021-01-07,1414.9,1417.43,1370.19,1381.94,6633573.0,1415.02,-33.08,-0.0234
2021-01-08,1382.15,1385.12,1366.18,1378.74,5424099.0,1381.94,-3.2,-0.0023
2021-01-11,1385.35,1407.91,1378.12,1390.66,5762420.0,1378.74,11.92,0.0086
2021-01-12,1389.47,1408.42,1379.8,1405.22,4511353.0,1390.66,14.56,0.0105
2021-01-13,1412.07,1416.66,1389.77,1407.41,5709620.0,1405.22,2.19,0.0016
2021-01-14,1406.05,1478.75,1399.56,1447.27,7542993.0,1407.41,39.86,0.0283
2021-01-15,1450.86,1465.69,1431.45,1447.58,6054884.0,1447.27,0.31,0.0002
2021-01-18,1443.82,1496.37,1437.02,1481.25,6290347.0,1447.58,33.67,0.0233
2021-01-19,1485.46,1489.22,1441.62,1443.92,5731520.0,1481.25,-37.33,-0.0252
2021-01-20,1450.72,1482.11,1444.74,1481.45,4920432.0,1443.92,37.53,0.026
2021-01-21,1485.65,1492.95,1465.89,1482.28,5260490.0,1481.45,0.83,0.0006
2021-01-22,1482.65,1487.61,1456.02,1486.31,5801637.0,1482.28,4.03,0.0027
2021-01-25,1481.74,1513.73,1471.18,1498.6,6035836.0,1486.31,12.29,0.0083
2021-01-26,1498.0,1509.41,1471.31,1478.45,4841190.0,1498.6,-20.15,-0.0134
2021-01-27,1481.49,1489.76,1441.18,1458.37,4527917.0,1478.45,-20.08,-0.0136
2021-01-28,1441.4,1461.84,1418.94,1421.59,4281555.0,1458.37,-36.78,-0.0252
2021-01-29,1435.28,1440.25,1400.67,1421.96,4920399.0,1421.59,0.37,0.0003
2021-02-01,1419.18,1439.04,1412.16,1421.48,4623272.0,1421.96,-0.48,-0.0003
2021-02-02,1419.71,1438.09,1414.36,1438.06,4469188.0,1421.48,16.58,0.0117
2021-02-03,1436.0,1443.98,1410.15,1410.15,5084930.0,1438.06,-27.91,-0.0194
2021-02-04,1402.09,1412.71,1367.71,1394.1,4842044.0,1410.15,-16.05,-0.0114
2021-02-05,1396.12,1407.32,1368.65,1368.8,4227634.0,1394.1,-25.3,-0.0181
2021-02-08,1371.75,1395.14,1367.33,1382.48,3771755.0,1368.8,13.68,0.01
2021-02-09,1389.07,1434.87,1383.86,1427.68,3905478.0,1382.48,45.2,0.0327
2021-02-10,1424.77,1440.21,1407.64,1437.02,4082148.0,1427.68,9.34,0.0065
2021-02-18,1457.8,1465.68,1429.09,1429.74,4797954.0,1437.02,-7.28,-0.0051
2021-02-19,1426.1,1430.72,1404.15,1427.91,4339918.0,1429.74,-1.83,-0.0013
2021-02-22,1431.56,1436.8,1388.52,1389.92,5450826.0,1427.91,-37.99,-0.0266
2021-02-23,1371.63,1401.51,1370.91,1390.53,4358750.0,1389.92,0.61,0.0004
2021-02-24,1393.72,1398.33,1358.41,1365.64,4513936.0,1390.53,-24.89,-0.0179
2021-02-25,1373.84,1375.61,1349.71,1349.71,4900397.0,1365.64,-15.93,-0.0117
2021-02-26,1319.89,1344.15,1319.65,1325.59,4743338.0,1349.71,-24.12,-0.0179
2021-03-01,1339.99,1359.72,1337.19,1358.14,4967721.0,1325.59,32.55,0.0246
2021-03-02,1373.03,1373.66,1342.9,1352.04,5245032.0,1358.14,-6.1,-0.0045
2021-03-03,1350.01,1359.79,1340.32,1359.4,4491709.0,1352.04,7.36,0.0054
2021-03-04,1358.28,1362.99,1322.34,1324.16,5243798.0,1359.4,-35.24,-0.0259
2021-03-05,1307.06,1338.83,1305.92,1329.84,3836834.0,1324.16,5.68,0.0043
2021-03-08,1337.02,1340.42,1275.46,1275.46,4922588.0,1329.84,-54.38,-0.0409
2021-03-09,1275.32,1278.32,1227.18,1230.14,5040233.0,1275.46,-45.32,-0.0355
2021-03-10,1251.18,1258.88,1227.42,1232.74,3711132.0,1230.14,2.6,0.0021
2021-03-11,1241.1,1273.96,1227.33,1267.3,3855338.0,1232.74,34.56,0.028
2021-03-12,1268.44,1269.21,1251.2,1261.32,3716221.0,1267.3,-5.98,-0.0047
2021-03-15,1254.68,1254.68,1213.43,1223.39,3478461.0,1261.32,-37.93,-0.0301
2021-03-16,1223.8,1231.99,1212.34,1220.37,3304112.0,1223.39,-3.02,-0.0025
2021-03-17,1220.45,1237.91,1213.35,1236.54,3172300.0,1220.37,16.17,0.0133
2021-03-18,1241.56,1251.56,1237.62,1241.31,3572963.0,1236.54,4.77,0.0039
2021-03-19,1226.41,1242.13,1221.42,1231.29,3970796.0,1241.31,-10.02,-0.0081
2021-03-22,1229.47,1247.49,1227.84,1242.76,3570030.0,1231.29,11.47,0.0093
2021-03-23,1246.36,1257.38,1232.26,1236.47,4327683.0,1242.76,-6.29,-0.0051
2021-03-24,1228.61,1244.45,1219.51,1221.45,3866384.0,1236.47,-15.02,-0.0121
2021-03-25,1212.83,1231.96,1212.38,1219.71,3365032.0,1221.45,-1.74,-0.0014
2021-03-26,1224.64,1258.16,1224.64,1256.66,3534232.0,1219.71,36.95,0.0303
2021-03-29,1262.29,1263.44,1248.33,1250.77,3478752.0,1256.66,-5.89,-0.0047
2021-03-30,1250.28,1259.28,1245.01,1248.34,3490176.0,1250.77,-2.43,-0.0019
2021-03-31,1248.16,1253.79,1236.26,1248.33,3552431.0,1248.34,-0.01,-0.0
2021-04-01,1251.0,1269.88,1248.96,1266.75,4255372.0,1248.33,18.42,0.0148
2021-04-02,1276.03,1302.62,1274.38,1299.92,5421746.0,1266.75,33.17,0.0262
2021-04-06,1304.64,1309.95,1291.92,1296.62,4364205.0,1299.92,-3.3,-0.0025
2021-04-07,1296.82,1300.77,1283.16,1298.78,4135531.0,1296.62,2.16,0.0017
2021-04-08,1293.64,1305.43,1287.01,1291.86,4764705.0,1298.78,-6.92,-0.0053
2021-04-09,1290.31,1296.86,1269.92,1271.44,4141692.0,1291.86,-20.42,-0.0158
2021-04-12,1269.02,1280.08,1240.44,1243.5,4406542.0,1271.44,-27.94,-0.022
2021-04-13,1242.76,1259.04,1239.46,1241.4,3849525.0,1243.5,-2.1,-0.0017
2021-04-14,1243.24,1258.17,1243.24,1254.71,3526558.0,1241.4,13.31,0.0107
2021-04-15,1250.36,1266.58,1245.18,1264.16,3525387.0,1254.71,9.45,0.0075
2021-04-16,1265.15,1279.29,1255.84,1274.7,4652616.0,1264.16,10.54,0.0083
2021-04-19,1273.08,1300.54,1268.99,1299.01,6874662.0,1274.7,24.31,0.0191
2021-04-20,1295.61,1304.76,1290.02,1290.5,6992433.0,1299.01,-8.51,-0.0066
2021-04-21,1285.31,1291.53,1275.61,1286.86,5194641.0,1290.5,-3.64,-0.0028
2021-04-22,1288.58,1308.34,1288.58,1305.18,4982010.0,1286.86,18.32,0.0142
2021-04-23,1303.29,1318.3,1300.1,1311.83,4761955.0,1305.18,6.65,0.0051
2021-04-26,1315.51,1335.47,1313.06,1314.91,6231161.0,1311.83,3.08,0.0023
2021-04-27,1310.66,1316.2,1297.27,1311.91,5052354.0,1314.91,-3.0,-0.0023
2021-04-28,1318.55,1326.01,1304.33,1324.24,5728293.0,1311.91,12.33,0.0094
2021-04-29,1320.89,1337.85,1312.94,1324.05,5513658.0,1324.24,-0.19,-0.0001
2021-04-30,1319.01,1327.37,1313.83,1322.24,6061533.0,1324.05,-1.81,-0.0014
2021-05-06,1321.21,1322.68,1298.91,1310.13,4730640.0,1322.24,-12.11,-0.0092
2021-05-07,1311.66,1315.75,1263.69,1263.9,4847937.0,1310.13,-46.23,-0.0353
2021-05-10,1262.48,1265.8,1249.49,1254.49,4379785.0,1263.9,-9.41,-0.0074
2021-05-11,1243.81,1260.82,1240.2,1258.11,4367330.0,1254.49,3.62,0.0029
2021-05-12,1254.74,1273.69,1251.81,1270.91,4739303.0,1258.11,12.8,0.0102
2021-05-13,1257.87,1287.92,1257.87,1275.48,5027245.0,1270.91,4.57,0.0036
2021-05-14,1277.97,1301.37,1273.96,1300.54,5060970.0,1275.48,25.06,0.0196
2021-05-17,1303.08,1338.29,1301.06,1328.92,5946864.0,1300.54,28.38,0.0218
2021-05-18,1330.47,1332.32,1316.38,1321.64,5422690.0,1328.92,-7.28,-0.0055
2021-05-19,1320.68,1335.25,1318.16,1326.14,7668543.0,1321.64,4.5,0.0034
2021-05-20,1322.05,1339.97,1321.04,1329.79,6869658.0,1326.14,3.65,0.0028
2021-05-21,1334.6,1341.28,1314.4,1315.21,6261344.0,1329.79,-14.58,-0.011
2021-05-24,1314.79,1333.42,1304.64,1330.87,5612988.0,1315.21,15.66,0.0119
2021-05-25,1329.68,1371.59,1329.68,1370.12,6243466.0,1330.87,39.25,0.0295
2021-05-26,1371.78,1375.81,1360.59,1364.04,6150436.0,1370.12,-6.08,-0.0044
2021-05-27,1362.95,1400.38,1361.01,1397.77,8323018.0,1364.04,33.73,0.0247
2021-05-28,1395.43,1414.61,1381.45,1386.04,21565099.0,1397.77,-11.73,-0.0084
2021-05-31,1398.19,1442.67,1398.19,1442.67,16376296.0,1386.04,56.63,0.0409
2021-06-01,1437.32,1467.94,1432.97,1460.54,15904982.0,1442.67,17.87,0.0124
2021-06-02,1461.74,1465.16,1423.45,1426.85,14395871.0,1460.54,-33.69,-0.0231
2021-06-03,1425.8,1438.64,1410.12,1414.53,11441596.0,1426.85,-12.32,-0.0086
2021-06-04,1406.31,1445.14,1405.51,1431.52,10000221.0,1414.53,16.99,0.012
2021-06-07,1443.86,1451.39,1425.11,1433.57,10420182.0,1431.52,2.05,0.0014
2021-06-08,1443.74,1446.38,1411.23,1419.08,9490826.0,1433.57,-14.49,-0.0101
2021-06-09,1420.31,1442.16,1417.77,1427.32,8264218.0,1419.08,8.24,0.0058
2021-06-10,1427.87,1455.83,1426.49,1450.4,10102674.0,1427.32,23.08,0.0162
2021-06-11,1453.6,1455.66,1433.06,1436.28,10683273.0,1450.4,-14.12,-0.0097
2021-06-15,1442.09,1467.47,1435.05,1448.2,10071064.0,1436.28,11.92,0.0083
2021-06-16,1452.95,1454.92,1404.69,1406.47,8539387.0,1448.2,-41.73,-0.0288
2021-06-17,1409.05,1477.05,1409.05,1473.51,11908654.0,1406.47,67.04,0.0477
2021-06-18,1475.21,1499.82,1474.68,1494.7,10061074.0,1473.51,21.19,0.0144
2021-06-21,1485.66,1529.28,1482.49,1528.13,10219505.0,1494.7,33.43,0.0224
2021-06-22,1531.52,1534.43,1506.31,1523.36,19707938.0,1528.13,-4.77,-0.0031
2021-06-23,1530.64,1551.92,1516.69,1534.3,16034833.0,1523.36,10.94,0.0072
2021-06-24,1531.24,1537.58,1496.94,1504.81,14070093.0,1534.3,-29.49,-0.0192
2021-06-25,1505.29,1536.5,1502.89,1534.85,10854452.0,1504.81,30.04,0.02
2021-06-28,1538.02,1579.22,1536.71,1562.98,10952572.0,1534.85,28.13,0.0183
2021-06-29,1567.88,1576.87,1546.68,1562.08,10390392.0,1562.98,-0.9,-0.0006
2021-06-30,1564.32,1603.35,1558.96,1588.22,11534991.0,1562.08,26.14,0.0167
2021-07-01,1587.53,1594.11,1569.9,1579.8,10411769.0,1588.22,-8.42,-0.0053
2021-07-02,1563.83,1564.88,1527.2,1538.16,9514212.0,1579.8,-41.64,-0.0264
2021-07-05,1545.68,1581.07,1545.68,1575.89,9806062.0,1538.16,37.73,0.0245
2021-07-06,1580.28,1584.69,1510.71,1532.79,11070754.0,1575.89,-43.1,-0.0273
2021-07-07,1523.83,1573.15,1519.41,1570.03,10339861.0,1532.79,37.24,0.0243
2021-07-08,1577.5,1616.7,1577.41,1610.77,11734788.0,1570.03,40.74,0.0259
2021-07-09,1598.28,1602.0,1556.58,1583.71,10147818.0,1610.77,-27.06,-0.0168
2021-07-12,1593.57,1611.6,1576.72,1601.61,10538463.0,1583.71,17.9,0.0113
2021-07-13,1602.12,1621.71,1573.78,1590.98,11111536.0,1601.61,-10.63,-0.0066
2021-07-14,1579.03,1585.6,1556.69,1556.72,9198546.0,1590.98,-34.26,-0.0215
2021-07-15,1549.28,1567.27,1536.9,1560.7,9376894.0,1556.72,3.98,0.0026
2021-07-16,1568.17,1569.25,1523.64,1525.23,9509712.0,1560.7,-35.47,-0.0227
2021-07-19,1514.83,1530.59,1503.11,1514.18,8526475.0,1525.23,-11.05,-0.0072
2021-07-20,1505.08,1529.27,1501.92,1522.63,7907029.0,1514.18,8.45,0.0056
2021-07-21,1528.6,1576.77,1527.6,1565.64,9164912.0,1522.63,43.01,0.0282
2021-07-22,1570.49,1584.32,1549.45,1582.13,12357063.0,1565.64,16.49,0.0105
2021-07-23,1593.31,1593.7,1548.39,1563.49,11488401.0,1582.13,-18.64,-0.0118
2021-07-26,1559.84,1566.68,1496.65,1556.98,12628435.0,1563.49,-6.51,-0.0042
2021-07-27,1556.93,1627.85,1541.36,1545.29,18598248.0,1556.98,-11.69,-0.0075
2021-07-28,1532.42,1555.25,1476.59,1518.7,13614854.0,1545.29,-26.59,-0.0172
2021-07-29,1554.13,1598.34,1545.11,1588.47,12811655.0,1518.7,69.77,0.0459
2021-07-30,1582.58,1608.96,1570.45,1591.22,15280930.0,1588.47,2.75,0.0017
2021-08-02,1594.03,1619.36,1572.11,1599.47,15124102.0,1591.22,8.25,0.0052
2021-08-03,1586.35,1593.03,1558.1,1564.19,13659596.0,1599.47,-35.28,-0.0221
2021-08-04,1566.45,1608.5,1564.46,1605.89,12551651.0,1564.19,41.7,0.0267
2021-08-05,1606.65,1616.05,1584.31,1604.81,12622179.0,1605.89,-1.08,-0.0007
2021-08-06,1630.3,1639.19,1575.42,1586.67,12602316.0,1604.81,-18.14,-0.0113
2021-08-09,1567.44,1582.92,1548.69,1574.44,10713509.0,1586.67,-12.23,-0.0077
2021-08-10,1574.01,1592.83,1569.28,1588.19,11203302.0,1574.44,13.75,0.0087
2021-08-11,1589.43,1593.15,1564.97,1578.79,13221209.0,1588.19,-9.4,-0.0059
2021-08-12,1572.15,1604.73,1570.35,1586.5,12889128.0,1578.79,7.71,0.0049
2021-08-13,1580.12,1588.23,1549.68,1552.78,12574406.0,1586.5,-33.72,-0.0213
2021-08-16,1547.39,1566.0,1535.35,1547.93,10953033.0,1552.78,-4.85,-0.0031
2021-08-17,1544.4,1555.45,1506.72,1509.25,10909613.0,1547.93,-38.68,-0.025
2021-08-18,1514.46,1530.24,1501.18,1507.99,10366160.0,1509.25,-1.26,-0.0008
2021-08-19,1509.72,1553.16,1508.17,1546.11,9872179.0,1507.99,38.12,0.0253
2021-08-20,1537.91,1557.11,1514.07,1529.09,10376035.0,1546.11,-17.02,-0.011
2021-08-23,1534.39,1568.84,1524.2,1564.11,11546176.0,1529.09,35.02,0.0229
2021-08-24,1567.7,1586.52,1550.88,1578.03,11717098.0,1564.11,13.92,0.0089
2021-08-25,1573.74,1574.4,1535.09,1542.78,10847549.0,1578.03,-35.25,-0.0223
2021-08-26,1546.32,1555.04,1494.89,1497.34,10721530.0,1542.78,-45.44,-0.0295
2021-08-27,1491.34,1506.65,1476.56,1480.31,10400805.0,1497.34,-17.03,-0.0114
2021-08-30,1487.9,1508.78,1463.4,1471.45,11875582.0,1480.31,-8.86,-0.006
2021-08-31,1463.13,1463.56,1423.51,1441.17,10729866.0,1471.45,-30.28,-0.0206
2021-09-01,1437.26,1438.38,1400.16,1424.66,12748492.0,1441.17,-16.51,-0.0115
2021-09-02,1416.16,1424.17,1395.51,1399.48,11488714.0,1424.66,-25.18,-0.0177
2021-09-03,1399.47,1415.24,1382.64,1400.89,11395644.0,1399.48,1.41,0.001
2021-09-06,1398.24,1441.71,1393.54,1439.0,9785658.0,1400.89,38.11,0.0272
2021-09-07,1435.73,1443.34,1426.03,1438.57,9452685.0,1439.0,-0.43,-0.0003
2021-09-08,1439.66,1439.66,1408.72,1412.72,9905056.0,1438.57,-25.85,-0.018
2021-09-09,1414.07,1425.28,1393.61,1402.19,9410267.0,1412.72,-10.53,-0.0075
2021-09-10,1398.33,1431.71,1392.21,1426.81,10523019.0,1402.19,24.62,0.0176
2021-09-13,1426.54,1426.76,1384.02,1384.43,9265900.0,1426.81,-42.38,-0.0297
2021-09-14,1384.28,1414.09,1383.41,1396.67,9748823.0,1384.43,12.24,0.0088
2021-09-15,1395.61,1395.99,1378.95,1384.52,7924336.0,1396.67,-12.15,-0.0087
2021-09-16,1378.18,1380.16,1347.9,1351.43,9126226.0,1384.52,-33.09,-0.0239
2021-09-17,1349.34,1360.91,1332.1,1349.68,8729839.0,1351.43,-1.75,-0.0013
2021-09-22,1338.01,1361.21,1335.5,1355.28,7818997.0,1349.68,5.6,0.0041
2021-09-23,1359.67,1376.57,1354.21,1363.79,7350698.0,1355.28,8.51,0.0063
2021-09-24,1362.98,1390.5,1359.85,1375.0,7169070.0,1363.79,11.21,0.0082
2021-09-27,1386.52,1397.18,1354.2,1368.69,8402437.0,1375.0,-6.31,-0.0046
2021-09-28,1362.33,1379.59,1350.79,1354.1,5858258.0,1368.69,-14.59,-0.0107
2021-09-29,1344.89,1356.64,1336.51,1345.77,6903713.0,1354.1,-8.33,-0.0062
2021-09-30,1348.65,1371.49,1348.65,1368.72,5485896.0,1345.77,22.95,0.0171
2021-10-08,1378.53,1388.02,1361.04,1364.46,5502787.0,1368.72,-4.26,-0.0031
2021-10-11,1367.21,1377.31,1348.05,1349.77,5145543.0,1364.46,-14.69,-0.0108
2021-10-12,1348.22,1355.92,1312.44,1319.39,5915764.0,1349.77,-30.38,-0.0225
2021-10-13,1322.89,1349.17,1322.89,1344.76,5223684.0,1319.39,25.37,0.0192
2021-10-14,1346.99,1356.21,1339.56,1347.27,5616097.0,1344.76,2.51,0.0019
2021-10-15,1349.4,1367.23,1341.75,1363.16,6729274.0,1347.27,15.89,0.0118
2021-10-18,1366.55,1366.55,1338.89,1352.57,6536446.0,1363.16,-10.59,-0.0078
2021-10-19,1355.07,1369.16,1352.01,1366.79,6254979.0,1352.57,14.22,0.0105
2021-10-20,1370.21,1381.06,1363.65,1373.59,7260010.0,1366.79,6.8,0.005
2021-10-21,1374.65,1379.19,1355.93,1362.4,6545723.0,1373.59,-11.19,-0.0081
2021-10-22,1367.06,1379.19,1359.27,1368.14,6723731.0,1362.4,5.74,0.0042
2021-10-25,1366.21,1381.24,1359.63,1380.31,7034967.0,1368.14,12.17,0.0089
2021-10-26,1379.79,1389.48,1372.66,1376.13,7720807.0,1380.31,-4.18,-0.003
2021-10-27,1371.79,1374.36,1354.3,1361.82,8823225.0,1376.13,-14.31,-0.0104
2021-10-28,1359.07,1371.17,1354.72,1356.37,8884098.0,1361.82,-5.45,-0.004
2021-10-29,1363.25,1398.42,1355.37,1396.2,8218328.0,1356.37,39.83,0.0294
2021-11-01,1398.59,1415.58,1392.4,1404.21,9112094.0,1396.2,8.01,0.0057
2021-11-02,1405.87,1423.93,1395.7,1405.64,9807672.0,1404.21,1.43,0.001
2021-11-03,1408.2,1416.47,1386.4,1399.55,7383885.0,1405.64,-6.09,-0.0043
2021-11-04,1404.66,1420.33,1404.66,1410.74,8411022.0,1399.55,11.19,0.008
2021-11-05,1416.24,1418.88,1396.03,1396.74,9115940.0,1410.74,-14.0,-0.0099
2021-11-08,1398.57,1401.05,1381.62,1400.8,8082439.0,1396.74,4.06,0.0029
2021-11-09,1404.89,1422.9,1397.82,1420.51,8749737.0,1400.8,19.71,0.0141
2021-11-10,1417.66,1423.31,1398.88,1420.45,8704593.0,1420.51,-0.06,-0.0
2021-11-11,1418.48,1443.6,1416.18,1437.15,10200216.0,1420.45,16.7,0.0118
2021-11-12,1432.71,1444.41,1425.58,1440.16,10727916.0,1437.15,3.01,0.0021
2021-11-15,1441.41,1448.03,1429.32,1432.6,11415896.0,1440.16,-7.56,-0.0052
2021-11-16,1428.48,1438.61,1418.2,1421.27,10301429.0,1432.6,-11.33,-0.0079
2021-11-17,1420.99,1438.8,1414.12,1436.16,9775222.0,1421.27,14.89,0.0105
2021-11-18,1433.51,1433.64,1417.17,1423.97,10239622.0,1436.16,-12.19,-0.0085
2021-11-19,1424.76,1447.19,1424.76,1444.78,9380937.0,1423.97,20.81,0.0146
2021-11-22,1449.45,1483.48,1449.38,1479.99,11213782.0,1444.78,35.21,0.0244
2021-11-23,1477.67,1485.8,1473.55,1476.25,10579714.0,1479.99,-3.74,-0.0025
2021-11-24,1477.96,1489.71,1471.62,1472.22,10066693.0,1476.25,-4.03,-0.0027
2021-11-25,1472.64,1477.74,1465.64,1468.07,9806109.0,1472.22,-4.15,-0.0028
2021-11-26,1466.36,1470.53,1450.93,1459.93,9106979.0,1468.07,-8.14,-0.0055
2021-11-29,1448.5,1474.44,1444.3,1471.23,10436432.0,1459.93,11.3,0.0077
2021-11-30,1477.8,1479.93,1463.15,1475.71,10256269.0,1471.23,4.48,0.003
2021-12-01,1473.52,1479.09,1452.75,1456.48,8961384.0,1475.71,-19.23,-0.013
2021-12-02,1454.74,1458.08,1427.98,1429.5,9043364.0,1456.48,-26.98,-0.0185
2021-12-03,1432.23,1444.99,1431.59,1444.83,8489747.0,1429.5,15.33,0.0107
2021-12-06,1444.93,1445.16,1405.51,1405.77,9235243.0,1444.83,-39.06,-0.027
2021-12-07,1413.0,1415.05,1380.51,1389.44,8730994.0,1405.77,-16.33,-0.0116
2021-12-08,1394.99,1416.69,1394.99,1415.37,7151266.0,1389.44,25.93,0.0187
2021-12-09,1417.34,1438.49,1410.15,1434.52,8145978.0,1415.37,19.15,0.0135
2021-12-10,1431.85,1442.62,1425.0,1435.7,10303018.0,1434.52,1.18,0.0008
2021-12-13,1439.19,1450.83,1434.15,1445.71,8536485.0,1435.7,10.01,0.007
2021-12-14,1445.05,1451.68,1435.89,1439.47,7914952.0,1445.71,-6.24,-0.0043
2021-12-15,1439.12,1443.55,1424.77,1424.9,8234987.0,1439.47,-14.57,-0.0101
2021-12-16,1425.53,1436.06,1419.7,1425.93,7414006.0,1424.9,1.03,0.0007
2021-12-17,1426.79,1430.39,1395.64,1399.06,8054162.0,1425.93,-26.87,-0.0188
2021-12-20,1389.18,1401.34,1363.11,1363.96,7751401.0,1399.06,-35.1,-0.0251
2021-12-21,1366.27,1378.49,1363.97,1374.65,6785367.0,1363.96,10.69,0.0078
2021-12-22,1378.31,1386.24,1373.53,1375.03,7598660.0,1374.65,0.38,0.0003
2021-12-23,1375.83,1380.15,1366.99,1375.97,7016695.0,1375.03,0.94,0.0007
2021-12-24,1375.18,1378.3,1353.65,1358.73,7635981.0,1375.97,-17.24,-0.0125
2021-12-27,1356.41,1369.21,1349.11,1355.64,6350202.0,1358.73,-3.09,-0.0023
2021-12-28,1355.65,1370.31,1355.65,1369.62,6636276.0,1355.64,13.98,0.0103
2021-12-29,1370.49,1370.49,1352.0,1356.21,6304036.0,1369.62,-13.41,-0.0098
2021-12-30,1355.97,1381.44,1355.41,1375.56,7816841.0,1356.21,19.35,0.0143
2021-12-31,1384.28,1399.75,1383.84,1398.19,7840208.0,1375.56,22.63,0.0165
2022-01-04,1403.39,1405.51,1361.43,1364.99,9302562.0,1398.19,-33.2,-0.0237
2022-01-05,1364.01,1365.77,1328.29,1333.33,9000497.0,1364.99,-31.66,-0.0232
2022-01-06,1327.7,1331.43,1309.9,1320.94,7953740.0,1333.33,-12.39,-0.0093
2022-01-07,1322.89,1331.91,1305.14,1305.49,9117416.0,1320.94,-15.45,-0.0117
2022-01-10,1306.6,1323.15,1291.41,1318.27,8517367.0,1305.49,12.78,0.0098
2022-01-11,1317.92,1317.93,1291.51,1294.4,8035785.0,1318.27,-23.87,-0.0181
2022-01-12,1298.62,1317.52,1298.62,1316.35,8890363.0,1294.4,21.95,0.017
2022-01-13,1319.19,1319.19,1294.65,1294.65,8251106.0,1316.35,-21.7,-0.0165
2022-01-14,1289.38,1316.33,1288.85,1312.29,9975888.0,1294.65,17.64,0.0136
2022-01-17,1317.39,1341.17,1313.62,1338.32,10462288.0,1312.29,26.03,0.0198
2022-01-18,1340.41,1362.48,1328.4,1342.36,11182558.0,1338.32,4.04,0.003
2022-01-19,1340.71,1343.3,1318.31,1324.09,8753067.0,1342.36,-18.27,-0.0136
2022-01-20,1326.64,1329.81,1304.69,1306.02,9122820.0,1324.09,-18.07,-0.0136
2022-01-21,1304.16,1308.44,1288.78,1290.41,8648363.0,1306.02,-15.61,-0.012
2022-01-24,1286.14,1311.51,1285.04,1307.74,7030921.0,1290.41,17.33,0.0134
2022-01-25,1303.93,1311.73,1276.2,1277.0,8234706.0,1307.74,-30.74,-0.0235
2022-01-26,1281.51,1289.41,1261.95,1276.36,15139954.0,1277.0,-0.64,-0.0005
2022-01-27,1274.63,1280.25,1239.49,1240.55,11187482.0,1276.36,-35.81,-0.0281
2022-01-28,1253.94,1255.19,1229.22,1229.22,9061238.0,1240.55,-11.33,-0.0091
2022-02-07,1247.58,1263.97,1230.7,1233.62,8199670.0,1229.22,4.4,0.0036
2022-02-08,1233.66,1233.66,1191.49,1204.05,8219262.0,1233.62,-29.57,-0.024
2022-02-09,1204.24,1212.45,1195.09,1210.29,8613441.0,1204.05,6.24,0.0052
2022-02-10,1214.98,1215.28,1182.4,1188.2,9020558.0,1210.29,-22.09,-0.0183
2022-02-11,1182.87,1188.52,1168.9,1169.59,8975096.0,1188.2,-18.61,-0.0157
2022-02-14,1161.84,1179.89,1148.7,1169.44,6205633.0,1169.59,-0.15,-0.0001
2022-02-15,1172.77,1204.34,1171.68,1203.12,7440951.0,1169.44,33.68,0.0288
2022-02-16,1210.42,1211.55,1195.97,1197.56,7084265.0,1203.12,-5.56,-0.0046
2022-02-17,1196.6,1217.47,1191.45,1207.82,7402910.0,1197.56,10.26,0.0086
2022-02-18,1200.34,1206.01,1195.24,1204.37,6396948.0,1207.82,-3.45,-0.0029
2022-02-21,1207.15,1212.49,1191.84,1193.6,7576727.0,1204.37,-10.77,-0.0089
2022-02-22,1184.84,1186.78,1168.57,1183.98,7696765.0,1193.6,-9.62,-0.0081
2022-02-23,1182.42,1233.44,1181.4,1231.08,9068585.0,1183.98,47.1,0.0398
2022-02-24,1226.95,1240.35,1199.07,1214.99,11331530.0,1231.08,-16.09,-0.0131
2022-02-25,1231.54,1253.46,1230.61,1240.88,8620741.0,1214.99,25.89,0.0213
2022-02-28,1243.98,1249.59,1230.65,1249.59,9812227.0,1240.88,8.71,0.007
2022-03-01,1254.57,1259.68,1232.09,1239.02,8568308.0,1249.59,-10.57,-0.0085
2022-03-02,1233.1,1233.92,1216.47,1230.28,7208667.0,1239.02,-8.74,-0.0071
2022-03-03,1235.96,1237.2,1208.82,1209.82,7620905.0,1230.28,-20.46,-0.0166
2022-03-04,1201.12,1228.19,1197.83,1203.09,7767776.0,1209.82,-6.73,-0.0056
2022-03-07,1198.01,1198.01,1164.98,1169.98,8184385.0,1203.09,-33.11,-0.0275
2022-03-08,1167.59,1179.2,1135.52,1137.07,9672312.0,1169.98,-32.91,-0.0281
2022-03-09,1148.18,1156.4,1097.07,1129.65,10917419.0,1137.07,-7.42,-0.0065
2022-03-10,1161.99,1168.14,1149.42,1153.36,10228939.0,1129.65,23.71,0.021
2022-03-11,1137.61,1162.6,1125.34,1161.21,10553236.0,1153.36,7.85,0.0068
2022-03-14,1151.97,1154.7,1126.26,1126.28,8923501.0,1161.21,-34.93,-0.0301
2022-03-15,1115.19,1142.81,1093.43,1093.43,10622022.0,1126.28,-32.85,-0.0292
2022-03-16,1115.84,1128.12,1070.77,1125.48,11589989.0,1093.43,32.05,0.0293
2022-03-17,1144.98,1163.51,1138.01,1142.71,11980371.0,1125.48,17.23,0.0153
2022-03-18,1136.98,1144.32,1124.85,1144.32,8593988.0,1142.71,1.61,0.0014
2022-03-21,1143.55,1160.71,1137.81,1152.33,9242880.0,1144.32,8.01,0.007
2022-03-22,1145.08,1149.47,1131.88,1134.32,10100149.0,1152.33,-18.01,-0.0156
2022-03-23,1138.73,1150.2,1130.22,1144.09,8990593.0,1134.32,9.77,0.0086
2022-03-24,1135.85,1141.76,1121.64,1134.57,8134171.0,1144.09,-9.52,-0.0083
2022-03-25,1137.8,1140.92,1106.36,1106.86,7338739.0,1134.57,-27.71,-0.0244
2022-03-28,1097.87,1101.33,1085.27,1090.73,6734435.0,1106.86,-16.13,-0.0146
2022-03-29,1097.36,1099.24,1078.34,1079.93,6966104.0,1090.73,-10.8,-0.0099
2022-03-30,1084.76,1112.63,1084.76,1112.52,7382173.0,1079.93,32.59,0.0302
2022-03-31,1109.55,1109.55,1086.99,1091.06,7493790.0,1112.52,-21.46,-0.0193
2022-04-01,1085.31,1095.46,1074.79,1089.19,6563324.0,1091.06,-1.87,-0.0017
2022-04-06,1087.76,1087.76,1054.7,1058.49,7593340.0,1089.19,-30.7,-0.0282
2022-04-07,1050.43,1059.36,1036.07,1036.07,7199422.0,1058.49,-22.42,-0.0212
2022-04-08,1032.84,1039.1,1017.18,1027.24,7185175.0,1036.07,-8.83,-0.0085
2022-04-11,1022.91,1022.91,985.59,988.76,7376606.0,1027.24,-38.48,-0.0375
2022-04-12,987.45,994.83,970.05,994.44,6643485.0,988.76,5.68,0.0057
2022-04-13,989.66,989.66,964.83,964.83,5728478.0,994.44,-29.61,-0.0298
2022-04-14,972.24,982.7,961.54,975.57,6624018.0,964.83,10.74,0.0111
2022-04-15,968.91,980.15,955.77,973.36,6724774.0,975.57,-2.21,-0.0023
2022-04-18,969.06,1005.89,964.49,1004.61,7087611.0,973.36,31.25,0.0321
2022-04-19,1002.98,1010.58,987.77,989.93,6158754.0,1004.61,-14.68,-0.0146
2022-04-20,988.75,992.47,973.05,973.51,6078594.0,989.93,-16.42,-0.0166
2022-04-21,968.48,989.25,954.84,957.72,6865450.0,973.51,-15.79,-0.0162
2022-04-22,953.64,959.73,940.26,942.07,6360020.0,957.72,-15.65,-0.0163
2022-04-25,924.96,924.96,884.3,884.3,9136037.0,942.07,-57.77,-0.0613
2022-04-26,884.18,901.76,865.65,868.07,8059534.0,884.3,-16.23,-0.0184
2022-04-27,857.38,910.07,853.21,906.43,9287122.0,868.07,38.36,0.0442
2022-04-28,899.66,908.45,885.25,903.06,8793258.0,906.43,-3.37,-0.0037
2022-04-29,910.14,949.06,902.58,947.15,9738874.0,903.06,44.09,0.0488
2022-05-05,944.55,967.25,944.06,956.13,8590368.0,947.15,8.98,0.0095
2022-05-06,933.01,960.04,929.82,942.23,7183487.0,956.13,-13.9,-0.0145
2022-05-09,938.39,953.6,937.43,946.72,6765286.0,942.23,4.49,0.0048
2022-05-10,935.06,983.68,931.58,972.14,8374513.0,946.72,25.42,0.0269
2022-05-11,974.54,1026.49,972.86,1002.46,10648066.0,972.14,30.32,0.0312
2022-05-12,999.54,1021.96,996.47,1013.06,8131937.0,1002.46,10.6,0.0106
2022-05-13,1020.39,1021.37,1002.27,1010.8,6622283.0,1013.06,-2.26,-0.0022
2022-05-16,1016.94,1025.6,995.25,996.51,7612821.0,1010.8,-14.29,-0.0141
2022-05-17,995.97,1013.95,993.38,1010.37,7342573.0,996.51,13.86,0.0139
2022-05-18,1011.53,1023.93,1007.57,1014.0,6720129.0,1010.37,3.63,0.0036
2022-05-19,1002.66,1036.67,999.4,1036.34,7902840.0,1014.0,22.34,0.022
2022-05-20,1045.69,1049.04,1028.95,1045.38,8060715.0,1036.34,9.04,0.0087
2022-05-23,1044.18,1050.06,1033.79,1046.15,7552498.0,1045.38,0.77,0.0007
2022-05-24,1045.01,1045.03,996.65,996.65,9146504.0,1046.15,-49.5,-0.0473
2022-05-25,996.75,1008.58,991.97,1006.52,6407957.0,996.65,9.87,0.0099
2022-05-26,1006.1,1014.85,986.42,1004.26,6793010.0,1006.52,-2.26,-0.0022
2022-05-27,1008.06,1015.46,988.21,993.7,6835761.0,1004.26,-10.56,-0.0105
2022-05-30,995.96,1007.12,984.28,1001.54,7110602.0,993.7,7.84,0.0079
2022-05-31,1004.08,1035.32,991.75,1035.32,12296032.0,1001.54,33.78,0.0337
2022-06-01,1029.09,1038.7,1024.76,1031.58,13257484.0,1035.32,-3.74,-0.0036
2022-06-02,1028.69,1081.92,1023.99,1079.85,19161110.0,1031.58,48.27,0.0468
2022-06-06,1084.66,1130.76,1081.45,1121.54,22940399.0,1079.85,41.69,0.0386
2022-06-07,1124.16,1124.52,1104.43,1111.4,16527788.0,1121.54,-10.14,-0.009
2022-06-08,1108.59,1126.46,1091.68,1111.67,15056600.0,1111.4,0.27,0.0002
2022-06-09,1108.93,1109.73,1073.66,1081.17,11377633.0,1111.67,-30.5,-0.0274
2022-06-10,1074.07,1103.15,1072.18,1102.85,12923596.0,1081.17,21.68,0.0201
2022-06-13,1088.76,1094.79,1080.39,1088.38,11242662.0,1102.85,-14.47,-0.0131
2022-06-14,1073.75,1076.82,1039.0,1070.54,11274084.0,1088.38,-17.84,-0.0164
2022-06-15,1069.94,1085.88,1061.46,1062.71,11204511.0,1070.54,-7.83,-0.0073
2022-06-16,1065.69,1094.7,1065.44,1078.95,10129777.0,1062.71,16.24,0.0153
2022-06-17,1070.62,1094.27,1066.17,1092.09,10617344.0,1078.95,13.14,0.0122
2022-06-20,1099.46,1109.74,1086.75,1095.33,10970631.0,1092.09,3.24,0.003
2022-06-21,1094.33,1098.9,1073.5,1083.02,10545015.0,1095.33,-12.31,-0.0112
2022-06-22,1084.71,1090.02,1063.59,1063.69,10786063.0,1083.02,-19.33,-0.0178
2022-06-23,1064.73,1083.1,1054.91,1081.84,11016481.0,1063.69,18.15,0.0171
2022-06-24,1084.61,1107.33,1084.61,1101.48,12574040.0,1081.84,19.64,0.0182
2022-06-27,1113.22,1121.45,1101.32,1103.4,11837409.0,1101.48,1.92,0.0017
2022-06-28,1105.11,1119.18,1084.59,1117.28,12493418.0,1103.4,13.88,0.0126
2022-06-29,1112.59,1121.24,1089.25,1090.68,13435015.0,1117.28,-26.6,-0.0238
2022-06-30,1092.46,1116.95,1090.5,1105.67,11699048.0,1090.68,14.99,0.0137
2022-07-01,1105.97,1107.86,1086.25,1089.03,11272489.0,1105.67,-16.64,-0.015
2022-07-04,1087.34,1098.64,1073.04,1095.09,12158535.0,1089.03,6.06,0.0056
2022-07-05,1100.18,1106.99,1077.35,1090.93,10864734.0,1095.09,-4.16,-0.0038
2022-07-06,1092.7,1116.14,1091.41,1101.75,11098901.0,1090.93,10.82,0.0099
2022-07-07,1103.78,1113.73,1087.59,1111.67,10722936.0,1101.75,9.92,0.009
2022-07-08,1117.18,1120.87,1100.55,1104.02,10217150.0,1111.67,-7.65,-0.0069
2022-07-11,1098.67,1098.67,1070.66,1081.16,9892558.0,1104.02,-22.86,-0.0207
2022-07-12,1081.9,1084.94,1049.21,1049.24,9916930.0,1081.16,-31.92,-0.0295
2022-07-13,1051.78,1061.41,1041.65,1052.79,8995422.0,1049.24,3.55,0.0034
2022-07-14,1052.43,1086.33,1049.65,1076.81,10386484.0,1052.79,24.02,0.0228
2022-07-15,1072.99,1093.82,1071.97,1072.26,10002371.0,1076.81,-4.55,-0.0042
2022-07-18,1075.71,1078.3,1053.35,1069.33,10702567.0,1072.26,-2.93,-0.0027
2022-07-19,1068.69,1073.06,1052.95,1061.85,10769581.0,1069.33,-7.48,-0.007
2022-07-20,1066.2,1082.62,1066.2,1079.53,10869764.0,1061.85,17.68,0.0167
2022-07-21,1080.65,1109.54,1075.67,1091.41,11941082.0,1079.53,11.88,0.011
2022-07-22,1099.62,1101.37,1076.35,1084.97,11345458.0,1091.41,-6.44,-0.0059
2022-07-25,1082.62,1095.69,1070.81,1073.76,10544993.0,1084.97,-11.21,-0.0103
2022-07-26,1072.54,1087.86,1066.13,1084.66,9935264.0,1073.76,10.9,0.0102
2022-07-27,1083.67,1098.37,1083.32,1095.7,10781892.0,1084.66,11.04,0.0102
2022-07-28,1102.44,1116.16,1094.66,1108.79,12965483.0,1095.7,13.09,0.0119
2022-07-29,1113.08,1113.32,1086.71,1088.91,11999335.0,1108.79,-19.88,-0.0179
2022-08-01,1081.62,1100.96,1068.19,1100.18,11774034.0,1088.91,11.27,0.0103
2022-08-02,1084.98,1107.24,1074.97,1094.91,14710583.0,1100.18,-5.27,-0.0048
2022-08-03,1099.44,1127.0,1090.61,1100.35,16086424.0,1094.91,5.44,0.005
2022-08-04,1106.15,1119.5,1099.1,1110.92,12893393.0,1100.35,10.57,0.0096
2022-08-05,1115.02,1158.51,1112.92,1157.33,18170966.0,1110.92,46.41,0.0418
2022-08-08,1161.04,1161.04,1144.32,1152.58,16118744.0,1157.33,-4.75,-0.0041
2022-08-09,1152.91,1163.7,1141.34,1162.32,14508790.0,1152.58,9.74,0.0085
2022-08-10,1154.17,1170.52,1152.97,1156.16,14272798.0,1162.32,-6.16,-0.0053
2022-08-11,1163.54,1176.06,1150.98,1173.14,14374724.0,1156.16,16.98,0.0147
2022-08-12,1169.66,1174.4,1146.02,1146.19,14592381.0,1173.14,-26.95,-0.023
2022-08-15,1145.02,1155.45,1138.06,1143.75,12172440.0,1146.19,-2.44,-0.0021
2022-08-16,1143.7,1154.43,1134.21,1137.3,12572219.0,1143.75,-6.45,-0.0056
2022-08-17,1136.8,1140.66,1127.89,1132.31,12724451.0,1137.3,-4.99,-0.0044
2022-08-18,1132.6,1148.38,1129.32,1146.63,15236276.0,1132.31,14.32,0.0126
2022-08-19,1146.33,1155.78,1108.16,1108.45,16589097.0,1146.63,-38.18,-0.0333
2022-08-22,1103.15,1111.4,1096.99,1107.28,13588642.0,1108.45,-1.17,-0.0011
2022-08-23,1109.25,1117.71,1105.68,1107.3,12444586.0,1107.28,0.02,0.0
2022-08-24,1110.01,1112.75,1068.98,1068.98,14611786.0,1107.3,-38.32,-0.0346
2022-08-25,1071.98,1077.66,1044.77,1055.89,12317057.0,1068.98,-13.09,-0.0122
2022-08-26,1064.71,1069.26,1044.4,1045.99,11305675.0,1055.89,-9.9,-0.0094
2022-08-29,1032.04,1058.72,1029.89,1054.28,10769680.0,1045.99,8.29,0.0079
2022-08-30,1054.26,1064.76,1047.73,1050.28,9794386.0,1054.28,-4.0,-0.0038
2022-08-31,1048.4,1057.84,1023.47,1029.66,11907422.0,1050.28,-20.62,-0.0196
2022-09-01,1032.78,1041.92,1023.54,1025.66,10261082.0,1029.66,-4.0,-0.0039
2022-09-02,1027.47,1040.46,1022.58,1030.12,9911829.0,1025.66,4.46,0.0043
2022-09-05,1030.6,1034.95,1018.56,1024.39,10061240.0,1030.12,-5.73,-0.0056
2022-09-06,1025.86,1038.97,1016.65,1035.78,9997951.0,1024.39,11.39,0.0111
2022-09-07,1032.02,1065.17,1031.9,1049.58,10687587.0,1035.78,13.8,0.0133
2022-09-08,1050.32,1054.74,1040.05,1040.77,9081518.0,1049.58,-8.81,-0.0084
2022-09-09,1039.59,1042.11,1022.68,1033.78,8187492.0,1040.77,-6.99,-0.0067
2022-09-13,1034.5,1046.18,1028.77,1031.17,8362207.0,1033.78,-2.61,-0.0025
2022-09-14,1018.07,1033.45,1016.87,1031.3,8314302.0,1031.17,0.13,0.0001
2022-09-15,1035.76,1037.63,990.85,1000.08,11337668.0,1031.3,-31.22,-0.0303
2022-09-16,997.36,1018.72,997.36,998.52,9295366.0,1000.08,-1.56,-0.0016
2022-09-19,997.53,1003.15,970.87,975.55,9222551.0,998.52,-22.97,-0.023
2022-09-20,982.37,997.22,977.27,985.15,7670276.0,975.55,9.6,0.0098
2022-09-21,980.62,983.8,968.71,970.39,8649923.0,985.15,-14.76,-0.015
2022-09-22,964.96,986.43,963.89,975.87,8075362.0,970.39,5.48,0.0056
2022-09-23,975.58,984.11,956.11,960.94,9223295.0,975.87,-14.93,-0.0153
2022-09-26,955.04,978.49,952.18,961.83,10879005.0,960.94,0.89,0.0009
2022-09-27,963.49,976.45,959.2,976.45,10265123.0,961.83,14.62,0.0152
2022-09-28,973.47,977.66,955.32,956.19,9450678.0,976.45,-20.26,-0.0207
2022-09-29,962.45,970.11,955.61,961.47,8817168.0,956.19,5.28,0.0055
2022-09-30,956.4,961.89,937.86,939.38,8064603.0,961.47,-22.09,-0.023
2022-10-10,933.02,934.96,895.2,897.34,9226559.0,939.38,-42.04,-0.0448
2022-10-11,898.37,904.47,889.45,892.74,8002565.0,897.34,-4.6,-0.0051
2022-10-12,890.29,926.19,871.45,924.91,10789074.0,892.74,32.17,0.036
2022-10-13,917.4,942.87,916.37,926.52,11210006.0,924.91,1.61,0.0017
2022-10-14,936.42,961.5,925.93,954.92,13755285.0,926.52,28.4,0.0307
2022-10-17,948.64,964.95,946.94,963.22,14404748.0,954.92,8.3,0.0087
2022-10-18,964.97,968.13,952.99,960.0,13254453.0,963.22,-3.22,-0.0033
2022-10-19,957.73,963.11,949.5,949.5,11824277.0,960.0,-10.5,-0.0109
2022-10-20,944.16,976.71,938.33,963.95,13492214.0,949.5,14.45,0.0152
2022-10-21,961.48,972.81,951.67,967.98,12339327.0,963.95,4.03,0.0042
2022-10-24,967.56,989.65,960.62,969.49,13263780.0,967.98,1.51,0.0016
2022-10-25,962.97,984.48,955.57,971.33,12032286.0,969.49,1.84,0.0019
2022-10-26,972.45,1010.98,963.36,1003.25,14944917.0,971.33,31.92,0.0329
2022-10-27,1008.71,1021.56,995.55,1004.91,15104565.0,1003.25,1.66,0.0017
2022-10-28,996.61,1015.42,989.23,993.72,14442282.0,1004.91,-11.19,-0.0111
2022-10-31,991.89,1022.23,991.89,1010.33,16546709.0,993.72,16.61,0.0167
2022-11-01,1011.96,1029.64,1000.97,1024.52,15026220.0,1010.33,14.19,0.014
2022-11-02,1020.07,1046.82,1017.99,1037.18,16917400.0,1024.52,12.66,0.0124
2022-11-03,1028.43,1055.12,1027.04,1048.07,14597022.0,1037.18,10.89,0.0105
2022-11-04,1048.89,1077.49,1048.89,1072.87,15534409.0,1048.07,24.8,0.0237
2022-11-07,1070.14,1080.79,1058.13,1061.35,15112128.0,1072.87,-11.52,-0.0107
2022-11-08,1061.71,1062.72,1040.87,1051.71,12506547.0,1061.35,-9.64,-0.0091
2022-11-09,1049.72,1053.14,1036.95,1037.53,11487172.0,1051.71,-14.18,-0.0135
2022-11-10,1033.13,1044.72,1021.11,1023.06,14736055.0,1037.53,-14.47,-0.0139
2022-11-11,1053.86,1059.76,1023.26,1023.26,17654333.0,1023.06,0.2,0.0002
2022-11-14,1021.41,1031.71,1012.67,1022.91,13552908.0,1023.26,-0.35,-0.0003
2022-11-15,1022.04,1054.36,1021.14,1052.04,15939905.0,1022.91,29.13,0.0285
2022-11-16,1052.41,1054.34,1034.2,1036.49,13316508.0,1052.04,-15.55,-0.0148
2022-11-17,1029.31,1041.75,1015.05,1041.67,13408446.0,1036.49,5.18,0.005
2022-11-18,1039.85,1045.95,1030.74,1031.99,14299613.0,1041.67,-9.68,-0.0093
2022-11-21,1023.9,1032.95,1020.06,1032.47,12221752.0,1031.99,0.48,0.0005
2022-11-22,1029.5,1030.37,1015.14,1017.82,14199148.0,1032.47,-14.65,-0.0142
2022-11-23,1014.74,1021.91,994.5,1017.02,14127160.0,1017.82,-0.8,-0.0008
2022-11-24,1019.18,1024.24,1013.48,1015.36,11487495.0,1017.02,-1.66,-0.0016
2022-11-25,1012.8,1012.8,999.84,999.99,11343303.0,1015.36,-15.37,-0.0151
2022-11-28,983.59,997.9,980.76,992.81,11452162.0,999.99,-7.18,-0.0072
2022-11-29,995.34,1003.61,988.07,1002.45,12619262.0,992.81,9.64,0.0097
2022-11-30,999.61,1003.73,991.49,1000.26,12195134.0,1002.45,-2.19,-0.0022
2022-12-01,1008.71,1017.01,1004.32,1009.33,13135534.0,1000.26,9.07,0.0091
2022-12-02,1005.63,1021.4,1005.16,1008.14,12601183.0,1009.33,-1.19,-0.0012
2022-12-05,1011.28,1011.29,999.49,1003.6,15041170.0,1008.14,-4.54,-0.0045
2022-12-06,1003.31,1014.33,999.52,1003.14,13059792.0,1003.6,-0.46,-0.0005
2022-12-07,999.28,1008.85,996.94,1000.47,12105057.0,1003.14,-2.67,-0.0027
2022-12-08,999.75,1005.88,995.88,997.31,12358659.0,1000.47,-3.16,-0.0032
2022-12-09,998.74,1004.36,992.63,1001.69,16837179.0,997.31,4.38,0.0044
2022-12-12,1000.29,1011.76,996.23,1004.62,14016449.0,1001.69,2.93,0.0029
2022-12-13,1002.54,1004.21,989.18,989.31,11266264.0,1004.62,-15.31,-0.0152
2022-12-14,1003.57,1004.74,983.09,984.22,11259073.0,989.31,-5.09,-0.0051
2022-12-15,985.15,992.97,979.53,989.2,9608035.0,984.22,4.98,0.0051
2022-12-16,984.25,985.87,973.7,978.36,10897108.0,989.2,-10.84,-0.011
2022-12-19,973.6,980.47,954.02,956.19,9767095.0,978.36,-22.17,-0.0227
2022-12-20,955.08,959.96,950.47,952.77,8004557.0,956.19,-3.42,-0.0036
2022-12-21,950.56,954.62,937.52,940.84,7709576.0,952.77,-11.93,-0.0125
2022-12-22,944.57,946.04,928.91,930.8,8129995.0,940.84,-10.04,-0.0107
2022-12-23,925.14,930.06,915.35,920.35,8693046.0,930.8,-10.45,-0.0112
2022-12-26,920.74,951.66,920.56,951.11,9612288.0,920.35,30.76,0.0334
2022-12-27,951.86,965.49,947.17,963.14,9259026.0,951.11,12.03,0.0126
2022-12-28,960.39,963.36,955.49,957.27,8731054.0,963.14,-5.87,-0.0061
2022-12-29,956.1,970.57,954.74,962.25,8302554.0,957.27,4.98,0.0052
2022-12-30,963.29,971.04,958.99,959.9,7869400.0,962.25,-2.35,-0.0024
2023-01-03,960.51,982.24,956.7,979.91,11260680.0,959.9,20.01,0.0208
2023-01-04,982.03,983.84,966.29,972.38,9969593.0,979.91,-7.53,-0.0077
2023-01-05,972.61,985.82,969.32,983.52,10431918.0,972.38,11.14,0.0115
2023-01-06,985.99,1003.05,984.02,991.1,11444622.0,983.52,7.58,0.0077
2023-01-09,994.74,1000.07,986.17,988.67,10381752.0,991.1,-2.43,-0.0025
2023-01-10,989.85,998.16,985.22,990.32,9545891.0,988.67,1.65,0.0017
2023-01-11,990.15,993.47,973.56,973.96,9935611.0,990.32,-16.36,-0.0165
2023-01-12,978.36,979.36,971.5,974.19,9156746.0,973.96,0.23,0.0002
2023-01-13,976.58,977.06,967.11,974.31,9132180.0,974.19,0.12,0.0001
2023-01-16,972.7,1000.27,971.9,992.61,13295506.0,974.31,18.3,0.0188
2023-01-17,994.64,1006.59,993.45,1003.68,10530097.0,992.61,11.07,0.0112
2023-01-18,1006.69,1009.87,1001.75,1006.75,9384388.0,1003.68,3.07,0.0031
2023-01-19,1004.79,1023.71,1004.08,1023.65,10429025.0,1006.75,16.9,0.0168
2023-01-20,1025.0,1034.59,1024.16,1029.14,9878585.0,1023.65,5.49,0.0054
2023-01-30,1046.44,1051.67,1031.36,1031.61,14771562.0,1029.14,2.47,0.0024
2023-01-31,1027.82,1029.62,1014.13,1014.36,11950707.0,1031.61,-17.25,-0.0167
2023-02-01,1016.31,1026.87,1010.4,1026.4,13265177.0,1014.36,12.04,0.0119
2023-02-02,1030.33,1041.24,1028.37,1031.68,15089642.0,1026.4,5.28,0.0051
2023-02-03,1029.12,1034.26,1016.91,1033.87,13436468.0,1031.68,2.19,0.0021
2023-02-06,1031.92,1038.27,1020.81,1024.43,13472147.0,1033.87,-9.44,-0.0091
2023-02-07,1024.24,1027.76,1014.48,1020.17,13468151.0,1024.43,-4.26,-0.0042
2023-02-08,1021.16,1026.22,1010.69,1010.69,12411983.0,1020.17,-9.48,-0.0093
2023-02-09,1007.84,1037.7,1004.67,1036.86,15250329.0,1010.69,26.17,0.0259
2023-02-10,1034.22,1038.6,1018.76,1024.54,15500931.0,1036.86,-12.32,-0.0119
2023-02-13,1020.55,1031.47,1017.59,1024.04,14680015.0,1024.54,-0.5,-0.0005
2023-02-14,1026.45,1032.59,1016.93,1022.67,13336025.0,1024.04,-1.37,-0.0013
2023-02-15,1022.79,1026.2,1016.25,1024.22,14513134.0,1022.67,1.55,0.0015
2023-02-16,1024.12,1030.43,998.96,1005.18,18716012.0,1024.22,-19.04,-0.0186
2023-02-17,1002.08,1005.38,986.33,986.33,13315050.0,1005.18,-18.85,-0.0188
2023-02-20,985.11,999.98,979.83,998.83,12940704.0,986.33,12.5,0.0127
2023-02-21,997.55,1003.18,989.98,995.73,12560806.0,998.83,-3.1,-0.0031
2023-02-22,988.79,993.52,987.28,989.65,11471029.0,995.73,-6.08,-0.0061
2023-02-23,988.2,997.76,988.2,992.46,11555135.0,989.65,2.81,0.0028
2023-02-24,996.03,999.8,988.33,990.63,10365102.0,992.46,-1.83,-0.0018
2023-02-27,988.11,996.12,983.92,986.28,13105651.0,990.63,-4.35,-0.0044
2023-02-28,991.44,994.73,980.1,990.47,13030246.0,986.28,4.19,0.0042
2023-03-01,989.11,998.06,984.59,994.63,16923481.0,990.47,4.16,0.0042
2023-03-02,994.54,997.46,987.91,988.89,16987362.0,994.63,-5.74,-0.0058
2023-03-03,996.1,1002.48,990.27,998.9,15729559.0,988.89,10.01,0.0101
2023-03-06,999.72,1011.03,991.66,1007.63,16894733.0,998.9,8.73,0.0087
2023-03-07,1005.62,1008.08,990.21,990.58,16561087.0,1007.63,-17.05,-0.0169
2023-03-08,989.71,996.81,987.97,994.89,13918512.0,990.58,4.31,0.0044
2023-03-09,996.56,1003.2,992.21,998.3,14563629.0,994.89,3.41,0.0034
2023-03-10,990.9,1003.89,987.5,993.55,15658157.0,998.3,-4.75,-0.0048
2023-03-13,992.94,1000.02,991.16,998.91,15444107.0,993.55,5.36,0.0054
2023-03-14,997.77,1017.69,989.33,1013.39,18844123.0,998.91,14.48,0.0145
2023-03-15,1016.18,1027.17,1007.18,1007.3,17202626.0,1013.39,-6.09,-0.006
2023-03-16,1001.52,1010.28,990.16,992.44,16082071.0,1007.3,-14.86,-0.0148
2023-03-17,1002.37,1021.83,995.08,1015.76,19707246.0,992.44,23.32,0.0235
2023-03-20,1016.23,1035.28,1012.45,1025.32,20209621.0,1015.76,9.56,0.0094
2023-03-21,1024.53,1030.19,1020.52,1030.19,15983189.0,1025.32,4.87,0.0047
2023-03-22,1031.61,1039.16,1028.31,1034.05,17059582.0,1030.19,3.86,0.0037
2023-03-23,1030.47,1058.99,1030.47,1058.99,20085463.0,1034.05,24.94,0.0241
2023-03-24,1058.12,1064.12,1051.05,1060.99,20005305.0,1058.99,2.0,0.0019
2023-03-27,1057.17,1070.18,1044.7,1057.49,20895865.0,1060.99,-3.5,-0.0033
2023-03-28,1059.67,1065.95,1037.01,1038.63,17470067.0,1057.49,-18.86,-0.0178
2023-03-29,1039.79,1076.06,1035.68,1062.14,18078374.0,1038.63,23.51,0.0226
2023-03-30,1065.39,1070.11,1053.53,1065.69,16252582.0,1062.14,3.55,0.0033
2023-03-31,1063.29,1083.16,1059.36,1081.54,16056229.0,1065.69,15.85,0.0149
2023-04-03,1093.08,1128.23,1090.75,1126.49,22345749.0,1081.54,44.95,0.0416
2023-04-04,1122.38,1147.73,1115.74,1129.08,26905799.0,1126.49,2.59,0.0023
2023-04-06,1127.03,1165.34,1127.03,1146.96,26538856.0,1129.08,17.88,0.0158
2023-04-07,1149.54,1162.57,1141.83,1161.02,22424695.0,1146.96,14.06,0.0123
2023-04-10,1164.98,1171.3,1126.05,1129.17,26075743.0,1161.02,-31.85,-0.0274
2023-04-11,1132.22,1138.62,1109.22,1121.74,21302438.0,1129.17,-7.43,-0.0066
2023-04-12,1118.13,1139.09,1112.45,1129.41,21288229.0,1121.74,7.67,0.0068
2023-04-13,1122.37,1124.71,1098.12,1100.13,21642002.0,1129.41,-29.28,-0.0259
2023-04-14,1107.62,1137.95,1095.96,1136.21,23625575.0,1100.13,36.08,0.0328
2023-04-17,1134.05,1151.4,1134.05,1140.13,22116216.0,1136.21,3.92,0.0035
2023-04-18,1130.81,1137.83,1114.83,1129.82,19347408.0,1140.13,-10.31,-0.009
2023-04-19,1131.74,1151.68,1127.71,1134.4,20114570.0,1129.82,4.58,0.0041
2023-04-20,1134.94,1165.68,1134.94,1164.95,27229110.0,1134.4,30.55,0.0269
2023-04-21,1162.94,1167.54,1116.83,1116.83,28650984.0,1164.95,-48.12,-0.0413
2023-04-24,1116.67,1118.77,1089.96,1096.38,23101640.0,1116.83,-20.45,-0.0183
2023-04-25,1095.95,1102.39,1068.72,1076.86,22597602.0,1096.38,-19.52,-0.0178
2023-04-26,1072.7,1085.97,1060.13,1069.01,22745807.0,1076.86,-7.85,-0.0073
2023-04-27,1063.53,1082.03,1059.95,1068.01,18987330.0,1069.01,-1.0,-0.0009
2023-04-28,1060.71,1089.74,1060.71,1087.87,20603987.0,1068.01,19.86,0.0186
2023-05-04,1077.85,1082.84,1060.3,1064.2,20084234.0,1087.87,-23.67,-0.0218
2023-05-05,1062.66,1067.41,1047.09,1049.09,19637312.0,1064.2,-15.11,-0.0142
2023-05-08,1050.1,1063.89,1046.26,1057.21,17974243.0,1049.09,8.12,0.0077
2023-05-09,1058.37,1063.02,1034.19,1034.21,19030597.0,1057.21,-23.0,-0.0218
2023-05-10,1031.13,1038.11,1018.08,1025.71,22885687.0,1034.21,-8.5,-0.0082
2023-05-11,1035.18,1042.32,1025.57,1025.97,17588344.0,1025.71,0.26,0.0003
2023-05-12,1028.36,1036.88,1014.02,1014.11,15956440.0,1025.97,-11.86,-0.0116
2023-05-15,1013.53,1025.91,1006.3,1025.79,16836051.0,1014.11,11.68,0.0115
2023-05-16,1029.33,1033.82,1022.34,1025.87,17614131.0,1025.79,0.08,0.0001
2023-05-17,1025.45,1035.15,1024.18,1029.65,16864851.0,1025.87,3.78,0.0037
2023-05-18,1031.4,1038.52,1027.76,1034.82,19118822.0,1029.65,5.17,0.005
2023-05-19,1040.35,1048.9,1036.97,1040.16,20303218.0,1034.82,5.34,0.0052
2023-05-22,1040.83,1048.47,1027.44,1032.11,16554774.0,1040.16,-8.05,-0.0077
2023-05-23,1029.14,1029.33,1016.11,1016.11,15240431.0,1032.11,-16.0,-0.0155
2023-05-24,1011.12,1024.07,1006.71,1011.77,17253064.0,1016.11,-4.34,-0.0043
2023-05-25,1016.92,1023.42,1006.79,1021.72,16642805.0,1011.77,9.95,0.0098
2023-05-26,1023.86,1040.67,1022.11,1038.66,15634356.0,1021.72,16.94,0.0166
2023-05-29,1041.27,1047.36,1026.83,1028.38,18659870.0,1038.66,-10.28,-0.0099
2023-05-30,1025.83,1047.47,1022.15,1044.43,17457968.0,1028.38,16.05,0.0156
2023-05-31,1040.34,1053.91,1037.63,1053.91,18804422.0,1044.43,9.48,0.0091
2023-06-01,1048.95,1067.23,1044.98,1053.55,20426297.0,1053.91,-0.36,-0.0003
2023-06-02,1055.95,1059.25,1047.37,1053.29,18112868.0,1053.55,-0.26,-0.0002
2023-06-05,1063.15,1068.3,1049.45,1051.73,17502161.0,1053.29,-1.56,-0.0015
2023-06-06,1047.92,1048.3,1021.0,1022.98,18426402.0,1051.73,-28.75,-0.0273
2023-06-07,1023.95,1026.46,1015.34,1019.05,15778532.0,1022.98,-3.93,-0.0038
2023-06-08,1012.66,1014.57,1001.75,1007.12,17727474.0,1019.05,-11.93,-0.0117
